,AppStore,2022-09-05,
4.793388429752066,AppStore,2022-09-06,
4.926940639269406,AppStore,2022-09-07,
4.926966292134831,AppStore,2022-09-08,
4.904509283819628,AppStore,2022-09-09,
4.85,AppStore,2022-09-10,
4.935114503816794,AppStore,2022-09-11,
4.933168316831683,AppStore,2022-09-12,
4.842794759824311,AppStore,2022-09-13,
4.920103092784105,AppStore,2022-09-14,
4.908284023668639,AppStore,2022-09-15,
4.911051212938006,AppStore,2022-09-19,
4.877813504822402,AppStore,2022-09-20,
4.89010989011021,AppStore,2022-09-23,
4.888728323699422,AppStore,2022-09-26,
4.913,AppStore,2022-09-30,
4.890377588306659,AppStore,2022-10-02,
4.943548387098652,AppStore,2022-10-03,
4.864768683274021,AppStore,2022-10-04,
4.927203065134099,AppStore,2022-10-05,
4.914209115281501,AppStore,2022-10-06,
4.822580645162542,AppStore,2022-10-07,
4.694599627560304,AppStore,2022-10-10,
4.779005524861878,AppStore,2022-10-11,
4.728706624605678,AppStore,2022-10-12,
4.801369863013699,AppStore,2022-10-13,
4.838259000537345,AppStore,2022-10-17,
4.906040268455855,AppStore,2022-10-18,
4.94615384615504,AppStore,2022-10-19,
4.890577507598077,AppStore,2022-10-20,
4.809384164222874,AppStore,2022-10-21,
4.884912959381045,AppStore,2022-10-24,
4.895691609977324,AppStore,2022-10-25,
4.695652173913044,AppStore,2022-10-26,
4.81742738589115,AppStore,2022-10-27,
4.908730158731083,AppStore,2022-10-28,
4.869517543859905,AppStore,2022-10-31,
4.830083565458962,AppStore,2022-11-01,
4.932907348242812,AppStore,2022-11-02,
4.82383665716999,AppStore,2022-11-07,
4.966292134831461,AppStore,2022-11-08,
4.871323529411764,AppStore,2022-11-09,
4.882022471910767,AppStore,2022-11-10,
4.887530562347188,AppStore,2022-11-11,
4.780568407137983,AppStore,2022-11-14,
4.795081967213115,AppStore,2022-11-15,
4.824427480916031,AppStore,2022-11-16,
4.759322033898305,AppStore,2022-11-17,
4.726618705035971,AppStore,2022-11-18,
4.853974121996303,AppStore,2022-11-19,
4.868715083798882,AppStore,2022-11-20,
4.742,GooglePlay,2022-11-21,
4.747747747747049,AppStore,2022-11-21,
4.83,GooglePlay,2022-11-22,
4.864919354839179,AppStore,2022-11-22,
4.868347338935574,AppStore,2022-11-23,
4.835,GooglePlay,2022-11-23,
4.870813397129186,AppStore,2022-11-24,
4.853,GooglePlay,2022-11-24,
4.862068965517241,AppStore,2022-11-25,
4.841,GooglePlay,2022-11-25,
4.803,GooglePlay,2022-11-26,
4.859644600868477,AppStore,2022-11-26,
4.824,GooglePlay,2022-11-27,
4.846207134155199,AppStore,2022-11-27,
4.930364372469636,AppStore,2022-11-28,
4.694,GooglePlay,2022-11-28,
4.909492273730685,AppStore,2022-11-29,
4.716,GooglePlay,2022-11-29,
4.945714285714286,AppStore,2022-11-30,
4.773,GooglePlay,2022-11-30,
4.672,GooglePlay,2022-12-01,
4.89375,AppStore,2022-12-01,
4.896713615022928,AppStore,2022-12-02,
4.662,GooglePlay,2022-12-02,
4.907252478754085,AppStore,2022-12-03,
4.612,GooglePlay,2022-12-03,
4.867588932806324,AppStore,2022-12-04,
4.609,GooglePlay,2022-12-04,
4.931677018634264,AppStore,2022-12-05,
4.69,GooglePlay,2022-12-05,
4.911392405063292,AppStore,2022-12-06,
4.678,GooglePlay,2022-12-06,
4.846743295019157,AppStore,2022-12-07,
4.691,GooglePlay,2022-12-07,
4.992452830188679,AppStore,2022-12-08,
4.341,GooglePlay,2022-12-08,
4.5,GooglePlay,2022-12-09,
4.916554331129912,AppStore,2022-12-09,
4.958907539616727,AppStore,2022-12-10,
4.506,GooglePlay,2022-12-10,
4.606382978723405,AppStore,2022-12-11,
4.728,GooglePlay,2022-12-11,
4.788918205804749,AppStore,2022-12-12,
4.468,GooglePlay,2022-12-12,
4.658,GooglePlay,2022-12-13,
4.685714285714286,AppStore,2022-12-13,
4.800623052960227,AppStore,2022-12-14,
4.633,GooglePlay,2022-12-14,
4.792857142856311,AppStore,2022-12-15,
4.689,GooglePlay,2022-12-15,
4.77,GooglePlay,2022-12-16,
4.715753424657534,AppStore,2022-12-16,
4.7535561493535,AppStore,2022-12-17,
4.741,GooglePlay,2022-12-17,
4.728725965899814,AppStore,2022-12-18,
4.739,GooglePlay,2022-12-18,
4.42,GooglePlay,2022-12-19,
4.87133984028394,AppStore,2022-12-19,
4.889390519187359,AppStore,2022-12-20,
4.707,GooglePlay,2022-12-20,
4.743,GooglePlay,2022-12-21,
4.683139534883721,AppStore,2022-12-21,
4.623626373626373,AppStore,2022-12-22,
4.836,GooglePlay,2022-12-22,
4.57,GooglePlay,2022-12-23,
4.795294117647058,AppStore,2022-12-23,
4.765586648014168,AppStore,2022-12-24,
4.685,GooglePlay,2022-12-24,
4.719,GooglePlay,2022-12-25,
4.917920656634747,AppStore,2022-12-25,
4.592,GooglePlay,2022-12-26,
4.848837209302325,AppStore,2022-12-26,
4.925266903914591,AppStore,2022-12-27,
4.613,GooglePlay,2022-12-27,
4.512,GooglePlay,2022-12-28,
4.825925925925926,AppStore,2022-12-28,
4.894197952217636,AppStore,2022-12-29,
4.708,GooglePlay,2022-12-29,
4.830985915493778,AppStore,2022-12-30,
4.659,GooglePlay,2022-12-30,
4.859934853420196,AppStore,2022-12-31,
4.762,GooglePlay,2022-12-31,
4.578,GooglePlay,2023-01-01,
4.896296296296296,AppStore,2023-01-01,
4.628,GooglePlay,2023-01-02,
4.908450704223712,AppStore,2023-01-02,
4.87877024539284,AppStore,2023-01-03,
4.593,GooglePlay,2023-01-03,
4.506,GooglePlay,2023-01-04,
4.951672862453965,AppStore,2023-01-04,
4.77,GooglePlay,2023-01-05,
4.860696517412936,AppStore,2023-01-05,
4.895953757225434,AppStore,2023-01-06,
4.646,GooglePlay,2023-01-06,
4.964705882352941,AppStore,2023-01-07,
4.765,GooglePlay,2023-01-07,
4.738,GooglePlay,2023-01-08,
4.862962962962963,AppStore,2023-01-08,
4.936170212765957,AppStore,2023-01-09,
4.646,GooglePlay,2023-01-09,
4.526,GooglePlay,2023-01-10,
4.96,AppStore,2023-01-10,
4.628,GooglePlay,2023-01-11,
4.883116883116883,AppStore,2023-01-11,
4.884745762711864,AppStore,2023-01-12,
4.622,GooglePlay,2023-01-12,
4.8125,AppStore,2023-01-13,
4.657,GooglePlay,2023-01-13,
4.724,GooglePlay,2023-01-14,
4.870552920053755,AppStore,2023-01-14,
4.837164750957855,AppStore,2023-01-15,
4.558,GooglePlay,2023-01-15,
4.938628158844765,AppStore,2023-01-16,
4.478,GooglePlay,2023-01-16,
4.6,GooglePlay,2023-01-17,
4.850746268655848,AppStore,2023-01-17,
4.92056074766464,AppStore,2023-01-18,
4.645,GooglePlay,2023-01-18,
4.75,GooglePlay,2023-01-19,
4.869747899159663,AppStore,2023-01-19,
4.957446808510638,AppStore,2023-01-20,
4.567,GooglePlay,2023-01-20,
4.747,GooglePlay,2023-01-21,
4.896551724137931,AppStore,2023-01-21,
4.361,GooglePlay,2023-01-22,
4.952991452991453,AppStore,2023-01-22,
4.897727272727272,AppStore,2023-01-23,
4.783,GooglePlay,2023-01-23,
4.933333333333334,AppStore,2023-01-24,
4.625,GooglePlay,2023-01-24,
4.867469879518072,AppStore,2023-01-25,
4.662,GooglePlay,2023-01-25,
4.74,GooglePlay,2023-01-26,
4.919831223628692,AppStore,2023-01-26,
4.919230769231665,AppStore,2023-01-27,
4.895,GooglePlay,2023-01-27,
4.949367088607006,AppStore,2023-01-28,
4.949,GooglePlay,2023-01-28,
4.880733944951992,AppStore,2023-01-29,
4.609,GooglePlay,2023-01-29,
4.672,GooglePlay,2023-01-30,
4.970909090909937,AppStore,2023-01-30,
4.88,GooglePlay,2023-01-31,
4.914191419141914,AppStore,2023-01-31,
4.69,GooglePlay,2023-02-01,
4.910344827586207,AppStore,2023-02-01,
4.343,GooglePlay,2023-02-02,
4.956678700361011,AppStore,2023-02-02,
4.954968796562491,AppStore,2023-02-03,
4.127,GooglePlay,2023-02-03,
3.574,GooglePlay,2023-02-04,
4.95325889276397,AppStore,2023-02-04,
4.912757211076943,AppStore,2023-02-05,
3.368,GooglePlay,2023-02-05,
3.562,GooglePlay,2023-02-06,
4.898598830590984,AppStore,2023-02-06,
4.89459272127502,AppStore,2023-02-07,
4.066,GooglePlay,2023-02-07,
4.076,GooglePlay,2023-02-08,
4.889433734261459,AppStore,2023-02-08,
4.096,GooglePlay,2023-02-09,
4.868163512332478,AppStore,2023-02-09,
4.165,GooglePlay,2023-02-10,
4.848715902507703,AppStore,2023-02-10,
4.829268292682927,AppStore,2023-02-11,
4.496,GooglePlay,2023-02-11,
4.615,GooglePlay,2023-02-12,
4.850299401197605,AppStore,2023-02-12,
4.356,GooglePlay,2023-02-13,
4.828125,AppStore,2023-02-13,
4.87,AppStore,2023-02-14,
4.111,GooglePlay,2023-02-14,
4.724831744781746,AppStore,2023-02-15,
4.82,GooglePlay,2023-02-15,
4.86283185840811,AppStore,2023-02-16,
4.344,GooglePlay,2023-02-16,
4.843373493975903,AppStore,2023-02-17,
4.608,GooglePlay,2023-02-17,
4.376,GooglePlay,2023-02-18,
4.886304909560724,AppStore,2023-02-18,
4.932400932400389,AppStore,2023-02-19,
4.551,GooglePlay,2023-02-19,
4.88688946015484,AppStore,2023-02-20,
4.648,GooglePlay,2023-02-20,
4.966666666666667,AppStore,2023-02-21,
4.463,GooglePlay,2023-02-21,
4.925595238095238,AppStore,2023-02-22,
4.72,GooglePlay,2023-02-22,
4.875989445910291,AppStore,2023-02-23,
4.691,GooglePlay,2023-02-23,
4.930769230769828,AppStore,2023-02-24,
4.582,GooglePlay,2023-02-24,
4.778,GooglePlay,2023-02-25,
4.863979848865912,AppStore,2023-02-25,
4.952380952380953,AppStore,2023-02-26,
4.333,GooglePlay,2023-02-26,
4.930921052630813,AppStore,2023-02-27,
4.588,GooglePlay,2023-02-27,
4.779,GooglePlay,2023-02-28,
4.911111111111758,AppStore,2023-02-28,
4.949852507374631,AppStore,2023-03-01,
4.644,GooglePlay,2023-03-01,
4.615,GooglePlay,2023-03-02,
4.896551724137931,AppStore,2023-03-02,
4.771,GooglePlay,2023-03-03,
4.834482758620689,AppStore,2023-03-03,
4.906766610968459,AppStore,2023-03-04,
4.535,GooglePlay,2023-03-04,
4.830560577971097,AppStore,2023-03-05,
4.682,GooglePlay,2023-03-05,
4.924493554328238,AppStore,2023-03-06,
4.607,GooglePlay,2023-03-06,
4.930783242258652,AppStore,2023-03-07,
4.546,GooglePlay,2023-03-07,
4.761,GooglePlay,2023-03-08,
4.938616071428831,AppStore,2023-03-08,
4.943925233643927,AppStore,2023-03-09,
4.71,GooglePlay,2023-03-09,
4.935714285714618,AppStore,2023-03-10,
4.61,GooglePlay,2023-03-10,
4.891044776119403,AppStore,2023-03-11,
4.696,GooglePlay,2023-03-11,
4.64,GooglePlay,2023-03-12,
4.879417879417879,AppStore,2023-03-12,
4.638,GooglePlay,2023-03-13,
4.875,AppStore,2023-03-13,
4.937142857142857,AppStore,2023-03-14,
4.598,GooglePlay,2023-03-14,
4.704,GooglePlay,2023-03-15,
4.915632754342432,AppStore,2023-03-15,
4.58,GooglePlay,2023-03-16,
4.940170940170277,AppStore,2023-03-16,
4.858381502890846,AppStore,2023-03-17,
4.778,GooglePlay,2023-03-17,
4.845410628019324,AppStore,2023-03-18,
4.616,GooglePlay,2023-03-18,
4.777,GooglePlay,2023-03-19,
4.887931034482759,AppStore,2023-03-19,
4.774,GooglePlay,2023-03-20,
4.899999999999353,AppStore,2023-03-20,
4.716,GooglePlay,2023-03-21,
4.896449704142701,AppStore,2023-03-21,
4.894736842105263,AppStore,2023-03-22,
4.679,GooglePlay,2023-03-22,
4.855218855219639,AppStore,2023-03-23,
4.52,GooglePlay,2023-03-23,
4.5,GooglePlay,2023-03-24,
4.88,AppStore,2023-03-24,
4.588,GooglePlay,2023-03-25,
4.88,AppStore,2023-03-25,
4.681,GooglePlay,2023-03-26,
4.903125,AppStore,2023-03-26,
4.839,GooglePlay,2023-03-27,
4.924092409240155,AppStore,2023-03-27,
4.972144846797955,AppStore,2023-03-28,
4.662,GooglePlay,2023-03-28,
4.958174904942081,AppStore,2023-03-29,
4.633,GooglePlay,2023-03-29,
4.901754385965729,AppStore,2023-03-30,
4.771,GooglePlay,2023-03-30,
4.636,GooglePlay,2023-03-31,
4.922509225091392,AppStore,2023-03-31,
4.549,GooglePlay,2023-04-01,
4.886426592797784,AppStore,2023-04-01,
4.569,GooglePlay,2023-04-02,
4.858870967741935,AppStore,2023-04-02,
4.8,GooglePlay,2023-04-03,
4.893129770994144,AppStore,2023-04-03,
4.792,GooglePlay,2023-04-04,
4.938080495354596,AppStore,2023-04-04,
4.925196850392784,AppStore,2023-04-05,
4.739,GooglePlay,2023-04-05,
4.94,AppStore,2023-04-06,
4.667,GooglePlay,2023-04-06,
4.773,GooglePlay,2023-04-07,
4.932201514705169,AppStore,2023-04-07,
4.91,AppStore,2023-04-08,
4.789,GooglePlay,2023-04-08,
4.946360153257597,AppStore,2023-04-09,
4.7,GooglePlay,2023-04-09,
4.343,GooglePlay,2023-04-10,
4.988372093022353,AppStore,2023-04-10,
4.222,GooglePlay,2023-04-11,
4.893081761007021,AppStore,2023-04-11,
4.221,GooglePlay,2023-04-12,
4.791095890409364,AppStore,2023-04-12,
4.924200354618308,AppStore,2023-04-13,
4.402,GooglePlay,2023-04-13,
4.657335111103952,AppStore,2023-04-14,
4.423,GooglePlay,2023-04-14,
4.506,GooglePlay,2023-04-15,
4.853018372703412,AppStore,2023-04-15,
4.936305732483335,AppStore,2023-04-16,
4.422,GooglePlay,2023-04-16,
4.813253012048894,AppStore,2023-04-17,
4.646,GooglePlay,2023-04-17,
4.827586206896552,AppStore,2023-04-18,
4.597,GooglePlay,2023-04-18,
4.544,GooglePlay,2023-04-19,
4.885135135135135,AppStore,2023-04-19,
4.898773006133541,AppStore,2023-04-20,
4.717,GooglePlay,2023-04-20,
4.855263157896268,AppStore,2023-04-21,
4.27,GooglePlay,2023-04-21,
4.951504177595093,AppStore,2023-04-22,
4.551,GooglePlay,2023-04-22,
4.854757041843216,AppStore,2023-04-23,
4.309,GooglePlay,2023-04-23,
4.273,GooglePlay,2023-04-24,
4.846153846153206,AppStore,2023-04-24,
4.722371967656241,AppStore,2023-04-25,
4.491,GooglePlay,2023-04-25,
4.864468864466306,AppStore,2023-04-26,
4.516,GooglePlay,2023-04-26,
4.95,AppStore,2023-04-27,
4.22,GooglePlay,2023-04-27,
4.832966896270536,AppStore,2023-04-28,
4.667,GooglePlay,2023-04-28,
4.87,AppStore,2023-04-29,
4.543,GooglePlay,2023-04-29,
4.906137184115524,AppStore,2023-04-30,
4.469,GooglePlay,2023-04-30,
4.412,GooglePlay,2023-05-01,
4.960829493087021,AppStore,2023-05-01,
4.869918699186992,AppStore,2023-05-02,
4.36,GooglePlay,2023-05-02,
4.78494623655914,AppStore,2023-05-03,
4.511,GooglePlay,2023-05-03,
4.983935742971887,AppStore,2023-05-04,
4.338,GooglePlay,2023-05-04,
4.411,GooglePlay,2023-05-05,
4.851494600273473,AppStore,2023-05-05,
4.317,GooglePlay,2023-05-06,
4.890440883596556,AppStore,2023-05-06,
4.836,GooglePlay,2023-05-07,
4.808000000000932,AppStore,2023-05-07,
4.5,GooglePlay,2023-05-08,
4.862068965515904,AppStore,2023-05-08,
4.907749077491634,AppStore,2023-05-09,
4.578,GooglePlay,2023-05-09,
4.5,GooglePlay,2023-05-10,
4.8860103626943,AppStore,2023-05-10,
4.782122905027933,AppStore,2023-05-11,
4.66,GooglePlay,2023-05-11,
4.846,GooglePlay,2023-05-12,
4.902912621359223,AppStore,2023-05-12,
4.9375,AppStore,2023-05-13,
4.643,GooglePlay,2023-05-13,
4.891,GooglePlay,2023-05-14,
4.949541284403669,AppStore,2023-05-14,
4.733,GooglePlay,2023-05-15,
4.876106194691296,AppStore,2023-05-15,
4.825203252031574,AppStore,2023-05-16,
4.588,GooglePlay,2023-05-16,
4.949308755762514,AppStore,2023-05-17,
4.647,GooglePlay,2023-05-17,
4.714,GooglePlay,2023-05-18,
4.872465879837356,AppStore,2023-05-18,
4.98,AppStore,2023-05-19,
4.462,GooglePlay,2023-05-19,
4.962790697674419,AppStore,2023-05-20,
4.477,GooglePlay,2023-05-20,
4.933920704845815,AppStore,2023-05-21,
4.444,GooglePlay,2023-05-21,
4.674,GooglePlay,2023-05-22,
4.879032258064516,AppStore,2023-05-22,
4.953667953667954,AppStore,2023-05-23,
4.756,GooglePlay,2023-05-23,
4.796,GooglePlay,2023-05-24,
4.944444444445522,AppStore,2023-05-24,
4.148,GooglePlay,2023-05-25,
4.935064935064935,AppStore,2023-05-25,
4.41,GooglePlay,2023-05-26,
4.903553299491204,AppStore,2023-05-26,
4.926430517710537,AppStore,2023-05-27,
4.721,GooglePlay,2023-05-27,
4.947368421055695,AppStore,2023-05-28,
4.621,GooglePlay,2023-05-28,
4.86,GooglePlay,2023-05-29,
4.934693877551021,AppStore,2023-05-29,
4.826,GooglePlay,2023-05-30,
4.891696750902527,AppStore,2023-05-30,
4.786,GooglePlay,2023-05-31,
4.965853658535449,AppStore,2023-05-31,
4.653,GooglePlay,2023-06-01,
4.78051809468286,AppStore,2023-06-01,
4.388,GooglePlay,2023-06-02,
4.98,AppStore,2023-06-02,
4.727,GooglePlay,2023-06-03,
4.755859954344024,AppStore,2023-06-03,
4.84,GooglePlay,2023-06-04,
4.92816334536414,AppStore,2023-06-04,
4.97,AppStore,2023-06-05,
4.581,GooglePlay,2023-06-05,
4.5,GooglePlay,2023-06-06,
4.865546218485439,AppStore,2023-06-06,
4.963470319634703,AppStore,2023-06-07,
4.58,GooglePlay,2023-06-07,
4.755,GooglePlay,2023-06-08,
4.954545454546513,AppStore,2023-06-08,
4.846511627906977,AppStore,2023-06-09,
4.744,GooglePlay,2023-06-09,
4.91774891774791,AppStore,2023-06-10,
4.727,GooglePlay,2023-06-10,
4.324,GooglePlay,2023-06-11,
4.976525821597337,AppStore,2023-06-11,
4.563,GooglePlay,2023-06-12,
4.945255474451705,AppStore,2023-06-12,
4.531,GooglePlay,2023-06-13,
4.98913043478514,AppStore,2023-06-13,
4.965909090908209,AppStore,2023-06-14,
4.4,GooglePlay,2023-06-14,
4.8,AppStore,2023-06-15,
4.617,GooglePlay,2023-06-15,
4.9,AppStore,2023-06-16,
4.578,GooglePlay,2023-06-16,
4.935361216730923,AppStore,2023-06-17,
4.788,GooglePlay,2023-06-17,
4.895287958115183,AppStore,2023-06-18,
4.588,GooglePlay,2023-06-18,
4.58,GooglePlay,2023-06-19,
4.87659574467887,AppStore,2023-06-19,
4.887387387389485,AppStore,2023-06-20,
4.815,GooglePlay,2023-06-20,
4.999999999998917,AppStore,2023-06-21,
4.525,GooglePlay,2023-06-21,
4.904580152672644,AppStore,2023-06-22,
4.474,GooglePlay,2023-06-22,
4.969465648853184,AppStore,2023-06-23,
4.283,GooglePlay,2023-06-23,
4.6,GooglePlay,2023-06-24,
4.919614147909968,AppStore,2023-06-24,
4.931034482762062,AppStore,2023-06-25,
4.667,GooglePlay,2023-06-25,
4.86,GooglePlay,2023-06-26,
4.957894736839655,AppStore,2023-06-26,
4.884169884169884,AppStore,2023-06-27,
4.655,GooglePlay,2023-06-27,
4.589,GooglePlay,2023-06-28,
4.991701244814244,AppStore,2023-06-28,
4.683,GooglePlay,2023-06-29,
4.91970802919708,AppStore,2023-06-29,
4.837,GooglePlay,2023-06-30,
4.959999999995343,AppStore,2023-06-30,
4.884169884169884,AppStore,2023-07-01,
4.574,GooglePlay,2023-07-01,
4.88,GooglePlay,2023-07-02,
4.884169884169884,AppStore,2023-07-02,
4.73,AppStore,2023-07-03,
4.736,GooglePlay,2023-07-03,
4.672,GooglePlay,2023-07-04,
4.8,AppStore,2023-07-04,
4.925119128658952,AppStore,2023-07-05,
4.537,GooglePlay,2023-07-05,
4.939655172413793,AppStore,2023-07-06,
4.585,GooglePlay,2023-07-06,
4.491,GooglePlay,2023-07-07,
4.951612903226745,AppStore,2023-07-07,
4.457,GooglePlay,2023-07-08,
4.707726683475165,AppStore,2023-07-08,
4.608,GooglePlay,2023-07-09,
4.96,AppStore,2023-07-09,
4.591356,GooglePlay,2023-07-10,
4.953216374269005,AppStore,2023-07-10,
4.885462555065054,AppStore,2023-07-11,
4.5915904,GooglePlay,2023-07-11,
4.959090909093026,AppStore,2023-07-12,
4.59255,GooglePlay,2023-07-12,
4.91943127961975,AppStore,2023-07-13,
4.5940065,GooglePlay,2023-07-13,
4.595276,GooglePlay,2023-07-14,
4.959821428572468,AppStore,2023-07-14,
4.583656,GooglePlay,2023-07-15,
4.954716981131197,AppStore,2023-07-15,
4.95,AppStore,2023-07-16,
4.5813007,GooglePlay,2023-07-16,
4.581449,GooglePlay,2023-07-17,
4.957589285714286,AppStore,2023-07-17,
4.971428571428572,AppStore,2023-07-18,
4.582117,GooglePlay,2023-07-18,
4.916666666666667,AppStore,2023-07-19,
4.5831556,GooglePlay,2023-07-19,
4.5820637,GooglePlay,2023-07-20,
4.934156378600823,AppStore,2023-07-20,
4.582541,GooglePlay,2023-07-21,
4.909090909090909,AppStore,2023-07-21,
4.95703125,AppStore,2023-07-22,
4.583811,GooglePlay,2023-07-22,
4.584525,GooglePlay,2023-07-23,
4.950920245398773,AppStore,2023-07-23,
4.580808,GooglePlay,2023-07-24,
4.943661971829893,AppStore,2023-07-24,
4.5828195,GooglePlay,2023-07-25,
4.896694214876995,AppStore,2023-07-25,
4.5827155,GooglePlay,2023-07-26,
4.931451612903226,AppStore,2023-07-26,
4.5841126,GooglePlay,2023-07-27,
4.930327868853413,AppStore,2023-07-27,
4.585659,GooglePlay,2023-07-28,
4.873239436619063,AppStore,2023-07-28,
4.588084,GooglePlay,2023-07-29,
4.862275449101796,AppStore,2023-07-29,
4.5897655,GooglePlay,2023-07-30,
4.869955156949628,AppStore,2023-07-30,
4.915929203540853,AppStore,2023-07-31,
4.584775,GooglePlay,2023-07-31,
4.89,AppStore,2023-08-01,
4.585,GooglePlay,2023-08-01,
4.58717,GooglePlay,2023-08-02,
4.94212962962963,AppStore,2023-08-02,
4.905660377359589,AppStore,2023-08-03,
4.5854573,GooglePlay,2023-08-03,
4.921182266010999,AppStore,2023-08-04,
4.5853133,GooglePlay,2023-08-04,
4.5835714,GooglePlay,2023-08-05,
4.739884393062238,AppStore,2023-08-05,
4.5802326,GooglePlay,2023-08-06,
4.821192052980132,AppStore,2023-08-06,
4.578009,GooglePlay,2023-08-07,
4.855018587360595,AppStore,2023-08-07,
4.841584158415841,AppStore,2023-08-08,
4.5725727,GooglePlay,2023-08-08,
4.563959,GooglePlay,2023-08-09,
4.793103448275862,AppStore,2023-08-09,
4.5635223,GooglePlay,2023-08-10,
4.843220338983051,AppStore,2023-08-10,
4.5609407,GooglePlay,2023-08-11,
4.865079365078441,AppStore,2023-08-11,
4.5556984,GooglePlay,2023-08-12,
4.779456193353474,AppStore,2023-08-12,
4.5453897,GooglePlay,2023-08-13,
4.832884097035668,AppStore,2023-08-13,
4.54379,GooglePlay,2023-08-14,
4.985507246376812,AppStore,2023-08-14,
4.910852713179197,AppStore,2023-08-15,
4.542682,GooglePlay,2023-08-15,
4.907999999999069,AppStore,2023-08-16,
4.5442324,GooglePlay,2023-08-16,
4.876923076923973,AppStore,2023-08-17,
4.54182,GooglePlay,2023-08-17,
4.53785,GooglePlay,2023-08-18,
4.939393939392931,AppStore,2023-08-18,
4.916167664670659,AppStore,2023-08-19,
4.53462,GooglePlay,2023-08-19,
4.948275862070304,AppStore,2023-08-20,
4.530885,GooglePlay,2023-08-20,
4.877828054297589,AppStore,2023-08-21,
4.529678,GooglePlay,2023-08-21,
4.892,AppStore,2023-08-22,
4.525,GooglePlay,2023-08-22,
4.916988416988417,AppStore,2023-08-23,
4.524174,GooglePlay,2023-08-23,
4.867704280154736,AppStore,2023-08-24,
4.520379,GooglePlay,2023-08-24,
4.966417910447761,AppStore,2023-08-25,
4.517525,GooglePlay,2023-08-25,
4.873278236915242,AppStore,2023-08-26,
4.512151,GooglePlay,2023-08-26,
4.51038,GooglePlay,2023-08-27,
4.905882352942546,AppStore,2023-08-27,
4.970085470084475,AppStore,2023-08-28,
4.5076942,GooglePlay,2023-08-28,
4.5027523,GooglePlay,2023-08-29,
4.91699604743083,AppStore,2023-08-29,
4.5019755,GooglePlay,2023-08-30,
4.86120996441364,AppStore,2023-08-30,
4.49492,GooglePlay,2023-08-31,
4.843260188087045,AppStore,2023-08-31,
4.946107784431137,AppStore,2023-09-01,
4.4941607,GooglePlay,2023-09-01,
4.901235,AppStore,2023-09-02,
4.49523532,GooglePlay,2023-09-02,
4.857442348007898,AppStore,2023-09-03,
4.4848485,GooglePlay,2023-09-03,
4.484584,GooglePlay,2023-09-04,
4.935779816514829,AppStore,2023-09-04,
4.4852943,GooglePlay,2023-09-05,
4.983333333334303,AppStore,2023-09-05,
4.481331,GooglePlay,2023-09-06,
4.995614035087719,AppStore,2023-09-06,
4.480928,GooglePlay,2023-09-07,
4.929078014183296,AppStore,2023-09-07,
4.4791235,GooglePlay,2023-09-08,
4.915231123,AppStore,2023-09-08,
4.916449086162488,AppStore,2023-09-09,
4.478479,GooglePlay,2023-09-09,
4.4790883,GooglePlay,2023-09-10,
4.973821989527576,AppStore,2023-09-10,
4.4852858,GooglePlay,2023-09-11,
4.925566343042824,AppStore,2023-09-11,
4.4860244,GooglePlay,2023-09-12,
4.879194630872483,AppStore,2023-09-12,
4.490207,GooglePlay,2023-09-13,
4.904545454545454,AppStore,2023-09-13,
4.491502,GooglePlay,2023-09-14,77352
4.893489220486395,AppStore,2023-09-14,385407
4.4897304,GooglePlay,2023-09-15,77403
4.893560030493655,AppStore,2023-09-15,385654
4.4862003,GooglePlay,2023-09-17,77508
4.893492105010994,AppStore,2023-09-17,386131
4.4882884,GooglePlay,2023-09-18,77561
4.893494171721982,AppStore,2023-09-18,386392
4.4881783,GooglePlay,2023-09-19,77620
4.893546693427202,AppStore,2023-09-19,386639
4.4875655,GooglePlay,2023-09-20,77673
4.893531993651417,AppStore,2023-09-20,386858
4.485833,GooglePlay,2023-09-21,77707
4.893524893623068,AppStore,2023-09-21,387067
4.4852657,GooglePlay,2023-09-22,77767
4.893505668629795,AppStore,2023-09-22,387307
4.4864454,GooglePlay,2023-09-23,77848
4.893476925934909,AppStore,2023-09-23,387578
4.486509,GooglePlay,2023-09-24,77886
4.893503941576476,AppStore,2023-09-24,387789
4.4833403,GooglePlay,2023-09-25,77931
4.89352967402257,AppStore,2023-09-25,388033
4.4831753,GooglePlay,2023-09-26,77980
4.893529893529894,AppStore,2023-09-26,388278
4.476612,GooglePlay,2023-09-27,78039
4.893535534484356,AppStore,2023-09-27,388524
4.4759555,GooglePlay,2023-09-28,78128
4.893536855100046,AppStore,2023-09-28,388820
4.4788265,GooglePlay,2023-09-29,78161
4.893474332511638,AppStore,2023-09-29,389033
4.481898,GooglePlay,2023-09-30,78230
4.89353953002155,AppStore,2023-09-30,389337
4.483804,GooglePlay,2023-10-01,78284
4.893538649513063,AppStore,2023-10-01,389578
4.4841905,GooglePlay,2023-10-02,78309
4.893552400374517,AppStore,2023-10-02,389835
4.4879527,GooglePlay,2023-10-04,78413
4.893584482255115,AppStore,2023-10-04,390366
4.4882474,GooglePlay,2023-10-06,78517
4.893611904250202,AppStore,2023-10-06,390852
4.4929132,GooglePlay,2023-10-07,78572
4.893644703578833,AppStore,2023-10-07,391217
4.495259,GooglePlay,2023-10-08,78625
4.893665776801338,AppStore,2023-10-08,391445
4.499381,GooglePlay,2023-10-11,78841
4.893748263548148,AppStore,2023-10-11,392323
4.4989724,GooglePlay,2023-10-13,79017
4.893751765163871,AppStore,2023-10-13,393023
4.5,GooglePlay,2023-10-14,79051
4.893776777654882,AppStore,2023-10-14,393285
4.5017767,GooglePlay,2023-10-15,79091
4.893822354579365,AppStore,2023-10-15,393548
4.5031514,GooglePlay,2023-10-17,79175
4.893904601932928,AppStore,2023-10-17,394117
4.501362,GooglePlay,2023-10-18,79221
4.893913696021985,AppStore,2023-10-18,394443
4.495775,GooglePlay,2023-10-20,79333
4.893962558344386,AppStore,2023-10-20,395068
4.496529,GooglePlay,2023-10-21,79381
4.893978713286996,AppStore,2023-10-21,395364
4.495644,GooglePlay,2023-10-23,79532
4.893932317635031,AppStore,2023-10-23,396115
4.4942107,GooglePlay,2023-10-24,79606
4.893952500687244,AppStore,2023-10-24,396511
4.491424,GooglePlay,2023-10-25,79657
4.893980786096634,AppStore,2023-10-25,396796
4.4910846,GooglePlay,2023-10-26,79700
4.894007278405299,AppStore,2023-10-26,397065
4.4904094,GooglePlay,2023-10-27,79765
4.894017984552312,AppStore,2023-10-27,397341
4.488034,GooglePlay,2023-10-28,79815
4.894049861551578,AppStore,2023-10-28,397621
4.4854937,GooglePlay,2023-10-29,79887
4.894062802357287,AppStore,2023-10-29,397915
4.487851,GooglePlay,2023-10-30,79924
4.89409678618431,AppStore,2023-10-30,398156
4.486703,GooglePlay,2023-10-31,79986
4.894083694083694,AppStore,2023-10-31,398475
4.4838667,GooglePlay,2023-11-01,80038
4.894136558673284,AppStore,2023-11-01,398759
4.480574,GooglePlay,2023-11-02,80087
4.894151758081209,AppStore,2023-11-02,399043
4.479821,GooglePlay,2023-11-03,80126
4.894199806693609,AppStore,2023-11-03,399366
4.4759135,GooglePlay,2023-11-04,80193
4.894229277884235,AppStore,2023-11-04,399742
4.474734,GooglePlay,2023-11-05,80231
4.894277092620047,AppStore,2023-11-05,399989
4.475531,GooglePlay,2023-11-06,80305
4.894295213995049,AppStore,2023-11-06,400313
4.46986,GooglePlay,2023-11-07,80366
4.894328829076169,AppStore,2023-11-07,400658
4.460927,GooglePlay,2023-11-08,80439
4.894324047981247,AppStore,2023-11-08,400990
4.4562583,GooglePlay,2023-11-09,80484
4.894346383973406,AppStore,2023-11-09,401283
4.452927,GooglePlay,2023-11-10,80560
4.894335384485125,AppStore,2023-11-10,401563
4.450397,GooglePlay,2023-11-11,80630
4.894340805768929,AppStore,2023-11-11,401877
4.4468083,GooglePlay,2023-11-12,80719
4.894322342956439,AppStore,2023-11-12,402261
4.445832,GooglePlay,2023-11-13,80808
4.894398847734582,AppStore,2023-11-13,402685
4.4466605,GooglePlay,2023-11-14,80908
4.894448702778997,AppStore,2023-11-14,403131
4.4434466,GooglePlay,2023-11-15,80945
4.894392032243831,AppStore,2023-11-15,403426
4.441015,GooglePlay,2023-11-16,81011
4.894416014821934,AppStore,2023-11-16,403726
4.4412947,GooglePlay,2023-11-17,81043
4.894436812336786,AppStore,2023-11-17,403995
4.441475,GooglePlay,2023-11-18,81088
4.894422212219095,AppStore,2023-11-18,404318
4.4416676,GooglePlay,2023-11-19,81135
4.894456787957125,AppStore,2023-11-19,404621
4.4394426,GooglePlay,2023-11-20,81190
4.894479224547756,AppStore,2023-11-20,404925
4.438629,GooglePlay,2023-11-21,81249
4.894461362301531,AppStore,2023-11-21,405226
4.439888,GooglePlay,2023-11-22,81304
4.894508046957641,AppStore,2023-11-22,405557
4.4396324,GooglePlay,2023-11-22,81336
4.894496690619107,AppStore,2023-11-22,405665
